,game_id,moby_url,title
0,276,https://www.mobygames.com/game/276/star-wars-episode-i-racer/,Star Wars: Episode I - Racer
1,286,https://www.mobygames.com/game/286/nhl-99/,NHL 99
2,326,https://www.mobygames.com/game/326/world-cup-98/,World Cup 98
3,345,https://www.mobygames.com/game/345/star-wars-rogue-squadron-3d/,Star Wars: Rogue Squadron 3D
4,369,https://www.mobygames.com/game/369/re-volt/,Re-Volt
5,374,https://www.mobygames.com/game/374/quake/,Quake
6,385,https://www.mobygames.com/game/385/shadow-man/,Shadow Man
7,542,https://www.mobygames.com/game/542/nuclear-strike/,Nuclear Strike
8,623,https://www.mobygames.com/game/623/space-invaders/,Space Invaders
9,633,https://www.mobygames.com/game/633/worms-armageddon/,Worms: Armageddon
10,657,https://www.mobygames.com/game/657/simcity-2000/,SimCity 2000
11,841,https://www.mobygames.com/game/841/fifa-road-to-world-cup-98/,FIFA: Road to World Cup 98
12,962,https://www.mobygames.com/game/962/tom-clancys-rainbow-six/,Tom Clancy's Rainbow Six
13,1128,https://www.mobygames.com/game/1128/mortal-kombat-4/,Mortal Kombat 4
14,1155,https://www.mobygames.com/game/1155/wcw-nitro/,WCW Nitro
15,1161,https://www.mobygames.com/game/1161/dark-rift/,Dark Rift
16,1188,https://www.mobygames.com/game/1188/fifa-99/,FIFA 99
17,1308,https://www.mobygames.com/game/1308/disneys-tarzan/,Disney's Tarzan
18,1371,https://www.mobygames.com/game/1371/carmageddon-2-carpocalypse-now/,Carmageddon 2: Carpocalypse Now
19,1442,https://www.mobygames.com/game/1442/indiana-jones-and-the-infernal-machine/,Indiana Jones and the Infernal Machine
20,1938,https://www.mobygames.com/game/1938/hexen-beyond-heretic/,Hexen: Beyond Heretic
21,2036,https://www.mobygames.com/game/2036/mortal-kombat-trilogy/,Mortal Kombat Trilogy
22,2182,https://www.mobygames.com/game/2182/rayman-2-the-great-escape/,Rayman 2: The Great Escape
23,2203,https://www.mobygames.com/game/2203/turok-dinosaur-hunter/,Turok: Dinosaur Hunter
24,2204,https://www.mobygames.com/game/2204/turok-2-seeds-of-evil/,Turok 2: Seeds of Evil
25,2214,https://www.mobygames.com/game/2214/nba-live-2000/,NBA Live 2000
26,2490,https://www.mobygames.com/game/2490/gex-enter-the-gecko/,Gex: Enter the Gecko
27,2575,https://www.mobygames.com/game/2575/tony-hawks-pro-skater-2/,Tony Hawk's Pro Skater 2
28,2629,https://www.mobygames.com/game/2629/lego-racers/,LEGO Racers
29,2765,https://www.mobygames.com/game/2765/tonic-trouble/,Tonic Trouble
30,2766,https://www.mobygames.com/game/2766/monaco-grand-prix-racing-simulation-2/,Monaco Grand Prix Racing Simulation 2
31,2768,https://www.mobygames.com/game/2768/scars/,S.C.A.R.S.
32,2826,https://www.mobygames.com/game/2826/madden-nfl-2000/,Madden NFL 2000
33,2827,https://www.mobygames.com/game/2827/brunswick-circuit-pro-bowling/,Brunswick Circuit Pro Bowling
34,2970,https://www.mobygames.com/game/2970/south-park-rally/,South Park Rally
35,2971,https://www.mobygames.com/game/2971/south-park-chefs-luv-shack/,South Park: Chef's Luv Shack
36,2996,https://www.mobygames.com/game/2996/earthworm-jim-3d/,Earthworm Jim 3D
37,3008,https://www.mobygames.com/game/3008/starshot-space-circus-fever/,Starshot: Space Circus Fever
38,3105,https://www.mobygames.com/game/3105/star-wars-shadows-of-the-empire/,Star Wars: Shadows of the Empire
39,3114,https://www.mobygames.com/game/3114/extreme-g-xg2/,Extreme-G: XG2
40,3126,https://www.mobygames.com/game/3126/nfl-blitz/,NFL Blitz
41,3145,https://www.mobygames.com/game/3145/glover/,Glover
42,3164,https://www.mobygames.com/game/3164/wetrix/,Wetrix
43,3191,https://www.mobygames.com/game/3191/fighting-force/,Fighting Force
44,3228,https://www.mobygames.com/game/3228/triple-play-2000/,Triple Play 2000
45,3322,https://www.mobygames.com/game/3322/mega-man-legends/,Mega Man Legends
46,3416,https://www.mobygames.com/game/3416/star-wars-episode-i-battle-for-naboo/,Star Wars: Episode I - Battle for Naboo
47,3513,https://www.mobygames.com/game/3513/south-park/,South Park
48,3528,https://www.mobygames.com/game/3528/goldeneye-007/,GoldenEye 007
49,3533,https://www.mobygames.com/game/3533/super-mario-64/,Super Mario 64
50,3535,https://www.mobygames.com/game/3535/mario-kart-64/,Mario Kart 64
51,3536,https://www.mobygames.com/game/3536/star-fox-64/,Star Fox 64
52,3537,https://www.mobygames.com/game/3537/mario-party/,Mario Party
53,3538,https://www.mobygames.com/game/3538/mario-golf/,Mario Golf
54,3540,https://www.mobygames.com/game/3540/yoshis-story/,Yoshi's Story
55,3541,https://www.mobygames.com/game/3541/wave-race-64-kawasaki-jet-ski/,Wave Race 64: Kawasaki Jet Ski
56,3546,https://www.mobygames.com/game/3546/super-smash-bros/,Super Smash Bros.
57,3548,https://www.mobygames.com/game/3548/mario-tennis/,Mario Tennis
58,3549,https://www.mobygames.com/game/3549/the-legend-of-zelda-ocarina-of-time/,The Legend of Zelda: Ocarina of Time
59,3550,https://www.mobygames.com/game/3550/the-legend-of-zelda-majoras-mask/,The Legend of Zelda: Majora's Mask
60,3567,https://www.mobygames.com/game/3567/tony-hawks-pro-skater/,Tony Hawk's Pro Skater
61,3582,https://www.mobygames.com/game/3582/diddy-kong-racing/,Diddy Kong Racing
62,3583,https://www.mobygames.com/game/3583/banjo-kazooie/,Banjo-Kazooie
63,3584,https://www.mobygames.com/game/3584/bomberman-64/,Bomberman 64
64,3587,https://www.mobygames.com/game/3587/cruisn-usa/,Cruis'n USA
65,3589,https://www.mobygames.com/game/3589/cruisn-world/,Cruis'n World
66,3590,https://www.mobygames.com/game/3590/gauntlet-legends/,Gauntlet: Legends
67,3617,https://www.mobygames.com/game/3617/nfl-blitz-2001/,NFL Blitz 2001
68,3622,https://www.mobygames.com/game/3622/conkers-bad-fur-day/,Conker's Bad Fur Day
69,3623,https://www.mobygames.com/game/3623/blast-corps/,Blast Corps
70,3634,https://www.mobygames.com/game/3634/wcwnwo-revenge/,WCW/NWO Revenge
71,3636,https://www.mobygames.com/game/3636/wwf-wrestlemania-2000/,WWF Wrestlemania 2000
72,3646,https://www.mobygames.com/game/3646/ogre-battle-64-person-of-lordly-caliber/,Ogre Battle 64: Person of Lordly Caliber
73,3650,https://www.mobygames.com/game/3650/destruction-derby-64/,Destruction Derby 64
74,3667,https://www.mobygames.com/game/3667/bio-freaks/,Bio Freaks
75,3669,https://www.mobygames.com/game/3669/battletanx-global-assault/,BattleTanx: Global Assault
76,3677,https://www.mobygames.com/game/3677/duke-nukem-64/,Duke Nukem 64
77,3714,https://www.mobygames.com/game/3714/resident-evil-2/,Resident Evil 2
78,3738,https://www.mobygames.com/game/3738/namco-museum-64/,Namco Museum 64
79,3754,https://www.mobygames.com/game/3754/turok-3-shadow-of-oblivion/,Turok 3: Shadow of Oblivion
80,3755,https://www.mobygames.com/game/3755/turok-rage-wars/,Turok: Rage Wars
81,3761,https://www.mobygames.com/game/3761/tetrisphere/,Tetrisphere
82,3763,https://www.mobygames.com/game/3763/the-new-tetris/,The New Tetris
83,3782,https://www.mobygames.com/game/3782/winback-covert-operations/,WinBack: Covert Operations
84,3789,https://www.mobygames.com/game/3789/rocket-robot-on-wheels/,Rocket: Robot on Wheels
85,3792,https://www.mobygames.com/game/3792/jet-force-gemini/,Jet Force Gemini
86,3847,https://www.mobygames.com/game/3847/road-rash-64/,Road Rash 64
87,3863,https://www.mobygames.com/game/3863/army-men-air-attack/,Army Men: Air Attack
88,3898,https://www.mobygames.com/game/3898/dr-mario-64/,Dr. Mario 64
89,3942,https://www.mobygames.com/game/3942/shadowgate-64-trials-of-the-four-towers/,Shadowgate 64: Trials of the Four Towers
90,3945,https://www.mobygames.com/game/3945/wcw-mayhem/,WCW Mayhem
91,3969,https://www.mobygames.com/game/3969/007-the-world-is-not-enough/,007: The World Is Not Enough
92,3993,https://www.mobygames.com/game/3993/banjo-tooie/,Banjo-Tooie
93,4034,https://www.mobygames.com/game/4034/perfect-dark/,Perfect Dark
94,4047,https://www.mobygames.com/game/4047/f-zero-x/,F-Zero X
95,4145,https://www.mobygames.com/game/4145/vigilante-8/,Vigilante 8
96,4146,https://www.mobygames.com/game/4146/vigilante-8-2nd-offense/,Vigilante 8: 2nd Offense
97,4176,https://www.mobygames.com/game/4176/san-francisco-rush-extreme-racing/,San Francisco Rush: Extreme Racing
98,4178,https://www.mobygames.com/game/4178/rampage-2-universal-tour/,Rampage 2: Universal Tour
99,4186,https://www.mobygames.com/game/4186/nightmare-creatures/,Nightmare Creatures
100,4187,https://www.mobygames.com/game/4187/army-men-sarges-heroes/,Army Men: Sarge's Heroes
101,4188,https://www.mobygames.com/game/4188/army-men-sarges-heroes-2/,Army Men: Sarge's Heroes 2
102,4252,https://www.mobygames.com/game/4252/rampage-world-tour/,Rampage World Tour
103,4333,https://www.mobygames.com/game/4333/spider-man/,Spider-Man
104,4387,https://www.mobygames.com/game/4387/ready-2-rumble-boxing/,Ready 2 Rumble Boxing
105,4388,https://www.mobygames.com/game/4388/ready-2-rumble-boxing-round-2/,Ready 2 Rumble Boxing: Round 2
106,4389,https://www.mobygames.com/game/4389/rush-2-extreme-racing-usa/,Rush 2: Extreme Racing USA
107,4390,https://www.mobygames.com/game/4390/world-driver-championship/,World Driver Championship
108,4457,https://www.mobygames.com/game/4457/disneys-donald-duck-goin-quackers/,Disney's Donald Duck: Goin' Quackers
109,4494,https://www.mobygames.com/game/4494/mortal-kombat-mythologies-sub-zero/,Mortal Kombat Mythologies: Sub-Zero
110,4511,https://www.mobygames.com/game/4511/war-gods/,War Gods
111,4598,https://www.mobygames.com/game/4598/wwf-war-zone/,WWF War Zone
112,4599,https://www.mobygames.com/game/4599/donkey-kong-64/,Donkey Kong 64
113,4681,https://www.mobygames.com/game/4681/pokemon-snap/,Pokémon Snap
114,4691,https://www.mobygames.com/game/4691/pilotwings-64/,Pilotwings 64
115,4694,https://www.mobygames.com/game/4694/nfl-blitz-2000/,NFL Blitz 2000
116,4737,https://www.mobygames.com/game/4737/hydro-thunder/,Hydro Thunder
117,4833,https://www.mobygames.com/game/4833/wwf-attitude/,WWF Attitude
118,4839,https://www.mobygames.com/game/4839/automobili-lamborghini/,automobili Lamborghini
119,4845,https://www.mobygames.com/game/4845/nascar-2000/,NASCAR 2000
120,4923,https://www.mobygames.com/game/4923/aerofighters-assault/,AeroFighters Assault
121,4978,https://www.mobygames.com/game/4978/harvest-moon-64/,Harvest Moon 64
122,5195,https://www.mobygames.com/game/5195/doom-64/,Doom 64
123,5279,https://www.mobygames.com/game/5279/tony-hawks-pro-skater-3/,Tony Hawk's Pro Skater 3
124,5288,https://www.mobygames.com/game/5288/mission-impossible/,Mission: Impossible
125,5337,https://www.mobygames.com/game/5337/mario-party-3/,Mario Party 3
126,5339,https://www.mobygames.com/game/5339/super-bowling/,Super Bowling
127,5431,https://www.mobygames.com/game/5431/madden-football-64/,Madden Football 64
128,5434,https://www.mobygames.com/game/5434/madden-nfl-99/,Madden NFL 99
129,5498,https://www.mobygames.com/game/5498/paper-mario/,Paper Mario
130,5600,https://www.mobygames.com/game/5600/armorines-project-swarm/,Armorines: Project S.W.A.R.M.
131,5863,https://www.mobygames.com/game/5863/body-harvest/,Body Harvest
132,5864,https://www.mobygames.com/game/5864/bust-a-move-again/,Bust-A-Move Again
133,6132,https://www.mobygames.com/game/6132/bomberman-64-the-second-attack/,Bomberman 64: The Second Attack
134,6133,https://www.mobygames.com/game/6133/killer-instinct-gold/,Killer Instinct Gold
135,6213,https://www.mobygames.com/game/6213/excitebike-64/,Excitebike 64
136,6246,https://www.mobygames.com/game/6246/asteroids-hyper-64/,Asteroids Hyper 64
137,6372,https://www.mobygames.com/game/6372/razor-freestyle-scooter/,Razor Freestyle Scooter
138,6438,https://www.mobygames.com/game/6438/batman-beyond-return-of-the-joker/,Batman Beyond: Return of the Joker
139,6448,https://www.mobygames.com/game/6448/battletanx/,BattleTanx
140,6485,https://www.mobygames.com/game/6485/bangai-o/,Bangai-O
141,6521,https://www.mobygames.com/game/6521/mario-party-2/,Mario Party 2
142,6523,https://www.mobygames.com/game/6523/midways-greatest-arcade-hits-volume-i/,Midway's Greatest Arcade Hits Volume I
143,6525,https://www.mobygames.com/game/6525/pokemon-stadium/,Pokémon Stadium
144,6526,https://www.mobygames.com/game/6526/kobe-bryant-in-nba-courtside/,Kobe Bryant in NBA Courtside
145,6527,https://www.mobygames.com/game/6527/nba-courtside-2-featuring-kobe-bryant/,NBA Courtside 2: Featuring Kobe Bryant
146,6531,https://www.mobygames.com/game/6531/ms-pac-man-maze-madness/,Ms. Pac-Man Maze Madness
147,6532,https://www.mobygames.com/game/6532/micro-machines-64-turbo/,Micro Machines 64 Turbo
148,6533,https://www.mobygames.com/game/6533/all-star-baseball-99/,All-Star Baseball 99
149,6534,https://www.mobygames.com/game/6534/all-star-baseball-2000/,All-Star Baseball 2000
150,6535,https://www.mobygames.com/game/6535/all-star-baseball-2001/,All-Star Baseball 2001
151,6568,https://www.mobygames.com/game/6568/paperboy/,Paperboy
152,6634,https://www.mobygames.com/game/6634/bomberman-hero/,Bomberman Hero
153,6688,https://www.mobygames.com/game/6688/quest-64/,Quest 64
154,6869,https://www.mobygames.com/game/6869/pokemon-puzzle-league/,Pokémon Puzzle League
155,7015,https://www.mobygames.com/game/7015/v-rally-edition-99/,V-Rally: Edition 99
156,7089,https://www.mobygames.com/game/7089/castlevania-legacy-of-darkness/,Castlevania: Legacy of Darkness
157,7237,https://www.mobygames.com/game/7237/castlevania/,Castlevania
158,8062,https://www.mobygames.com/game/8062/cruisn-exotica/,Cruis'n Exotica
159,8090,https://www.mobygames.com/game/8090/mischief-makers/,Mischief Makers
160,8384,https://www.mobygames.com/game/8384/1080-snowboarding/,1080° Snowboarding
161,8443,https://www.mobygames.com/game/8443/disneypixar-a-bugs-life/,Disney•Pixar A Bug's Life
162,8444,https://www.mobygames.com/game/8444/aidyn-chronicles-the-first-mage/,Aidyn Chronicles: The First Mage
163,8450,https://www.mobygames.com/game/8450/aerogauge/,AeroGauge
164,8451,https://www.mobygames.com/game/8451/all-star-tennis-99/,All Star Tennis '99
165,8452,https://www.mobygames.com/game/8452/bust-a-move-3/,Bust-A-Move 3
166,8466,https://www.mobygames.com/game/8466/knockout-kings-2000/,Knockout Kings 2000
167,8467,https://www.mobygames.com/game/8467/nba-jam-99/,NBA Jam 99
168,8468,https://www.mobygames.com/game/8468/nba-hangtime/,NBA Hangtime
169,8486,https://www.mobygames.com/game/8486/ridge-racer-64/,Ridge Racer 64
170,8506,https://www.mobygames.com/game/8506/california-speed/,California Speed
171,8507,https://www.mobygames.com/game/8507/chameleon-twist/,Chameleon Twist
172,8508,https://www.mobygames.com/game/8508/chameleon-twist-2/,Chameleon Twist 2
173,8509,https://www.mobygames.com/game/8509/clay-fighter-63-13/,Clay Fighter 63 1/3
174,8510,https://www.mobygames.com/game/8510/cybertiger/,CyberTiger
175,8514,https://www.mobygames.com/game/8514/fighters-destiny/,Fighters Destiny
176,8515,https://www.mobygames.com/game/8515/nba-showtime-nba-on-nbc/,NBA Showtime: NBA on NBC
177,8800,https://www.mobygames.com/game/8800/international-track-field-2000/,International Track & Field 2000
178,8803,https://www.mobygames.com/game/8803/battlezone-rise-of-the-black-dogs/,Battlezone: Rise of the Black Dogs
179,8898,https://www.mobygames.com/game/8898/san-francisco-rush-2049/,San Francisco Rush 2049
180,8899,https://www.mobygames.com/game/8899/space-station-silicon-valley/,Space Station Silicon Valley
181,8916,https://www.mobygames.com/game/8916/disneypixar-toy-story-2-buzz-lightyear-to-the-rescue/,Disney•Pixar Toy Story 2: Buzz Lightyear to the Rescue!
182,8919,https://www.mobygames.com/game/8919/top-gear-rally/,Top Gear Rally
183,8920,https://www.mobygames.com/game/8920/top-gear-rally-2/,Top Gear Rally 2
184,8922,https://www.mobygames.com/game/8922/top-gear-overdrive/,Top Gear: Overdrive
185,8930,https://www.mobygames.com/game/8930/top-gear-hyper-bike/,Top Gear Hyper-Bike
186,8932,https://www.mobygames.com/game/8932/wcw-vs-nwo-world-tour/,WCW vs. NWO: World Tour
187,8946,https://www.mobygames.com/game/8946/wcw-backstage-assault/,WCW Backstage Assault
188,8947,https://www.mobygames.com/game/8947/wwf-no-mercy/,WWF No Mercy
189,9095,https://www.mobygames.com/game/9095/major-league-baseball-featuring-ken-griffey-jr/,Major League Baseball Featuring Ken Griffey Jr
190,9096,https://www.mobygames.com/game/9096/ken-griffey-jrs-slugfest/,Ken Griffey Jr.'s Slugfest
191,9122,https://www.mobygames.com/game/9122/beetle-adventure-racing/,Beetle Adventure Racing!
192,9123,https://www.mobygames.com/game/9123/buck-bumble/,Buck Bumble
193,9124,https://www.mobygames.com/game/9124/bottom-of-the-9th/,Bottom of the 9th
194,9130,https://www.mobygames.com/game/9130/international-superstar-soccer-64/,International Superstar Soccer 64
195,9131,https://www.mobygames.com/game/9131/international-superstar-soccer-98/,International Superstar Soccer '98
196,9132,https://www.mobygames.com/game/9132/international-superstar-soccer-2000/,International Superstar Soccer 2000
197,9145,https://www.mobygames.com/game/9145/iggys-reckin-balls/,Iggy's Reckin' Balls
198,9146,https://www.mobygames.com/game/9146/knife-edge-nose-gunner/,Knife Edge: Nose Gunner
199,9148,https://www.mobygames.com/game/9148/robotron-64/,Robotron 64
200,9150,https://www.mobygames.com/game/9150/rat-attack/,Rat Attack!
201,9151,https://www.mobygames.com/game/9151/nba-in-the-zone-98/,NBA in the Zone '98
202,9152,https://www.mobygames.com/game/9152/nba-in-the-zone-99/,NBA in the Zone '99
203,9153,https://www.mobygames.com/game/9153/nba-in-the-zone-2000/,NBA in the Zone 2000
204,9154,https://www.mobygames.com/game/9154/nfl-quarterback-club-98/,NFL Quarterback Club 98
205,9155,https://www.mobygames.com/game/9155/nfl-quarterback-club-99/,NFL Quarterback Club 99
206,9164,https://www.mobygames.com/game/9164/nfl-quarterback-club-2000/,NFL Quarterback Club 2000
207,9165,https://www.mobygames.com/game/9165/nfl-qb-club-2001/,NFL QB Club 2001
208,9166,https://www.mobygames.com/game/9166/nhl-blades-of-steel-99/,NHL Blades of Steel '99
209,9171,https://www.mobygames.com/game/9171/tiggers-honey-hunt/,Tigger's Honey Hunt
210,9172,https://www.mobygames.com/game/9172/transformers-beast-wars-transmetals/,Transformers: Beast Wars Transmetals
211,9178,https://www.mobygames.com/game/9178/deadly-arts/,Deadly Arts
212,9179,https://www.mobygames.com/game/9179/dual-heroes/,Dual Heroes
213,9180,https://www.mobygames.com/game/9180/hercules-the-legendary-journeys/,Hercules: The Legendary Journeys
214,9195,https://www.mobygames.com/game/9195/extreme-g/,Extreme-G
215,9196,https://www.mobygames.com/game/9196/f1-pole-position-64/,F1 Pole Position 64
216,9199,https://www.mobygames.com/game/9199/milos-astro-lanes/,Milo's Astro Lanes
217,9233,https://www.mobygames.com/game/9233/pokemon-stadium-2/,Pokémon Stadium 2
218,9234,https://www.mobygames.com/game/9234/tom-and-jerry-in-fists-of-furry/,Tom and Jerry in Fists of Furry
219,9235,https://www.mobygames.com/game/9235/stunt-racer-64/,Stunt Racer 64
220,9239,https://www.mobygames.com/game/9239/superman/,Superman
221,9270,https://www.mobygames.com/game/9270/lode-runner-3-d/,Lode Runner 3-D
222,9673,https://www.mobygames.com/game/9673/ecw-hardcore-revolution/,ECW Hardcore Revolution
223,9760,https://www.mobygames.com/game/9760/wipeout-64/,WipEout 64
224,10102,https://www.mobygames.com/game/10102/the-powerpuff-girls-chemical-x-traction/,The Powerpuff Girls: Chemical X-Traction
225,10130,https://www.mobygames.com/game/10130/duke-nukem-zero-hour/,Duke Nukem: Zero Hour
226,10240,https://www.mobygames.com/game/10240/40-winks/,40 Winks
227,10454,https://www.mobygames.com/game/10454/jeremy-mcgrath-supercross-2000/,Jeremy McGrath Supercross 2000
228,10514,https://www.mobygames.com/game/10514/nascar-99/,NASCAR 99
229,11512,https://www.mobygames.com/game/11512/espn-international-track-field/,ESPN International Track & Field
230,12501,https://www.mobygames.com/game/12501/puyo-puyon/,Puyo Puyo~n
231,13236,https://www.mobygames.com/game/13236/twisted-edge-extreme-snowboarding/,Twisted Edge: Extreme Snowboarding
232,14070,https://www.mobygames.com/game/14070/looney-tunes-duck-dodgers-starring-daffy-duck/,Looney Tunes: Duck Dodgers - Starring Daffy Duck
233,14071,https://www.mobygames.com/game/14071/indy-racing-2000/,Indy Racing 2000
234,14988,https://www.mobygames.com/game/14988/taz-express/,Taz Express
235,15429,https://www.mobygames.com/game/15429/gex-3-deep-cover-gecko/,Gex 3: Deep Cover Gecko
236,15755,https://www.mobygames.com/game/15755/hybrid-heaven/,Hybrid Heaven
237,16435,https://www.mobygames.com/game/16435/doraemon-nobita-to-3-tsu-no-seireiseki/,Doraemon: Nobita to 3-tsu no Seireiseki
238,17343,https://www.mobygames.com/game/17343/sin-and-punishment/,Sin and Punishment
239,17889,https://www.mobygames.com/game/17889/flying-dragon/,Flying Dragon
240,18799,https://www.mobygames.com/game/18799/star-soldier-vanishing-earth/,Star Soldier: Vanishing Earth
241,18929,https://www.mobygames.com/game/18929/supercross-2000/,Supercross 2000
242,19210,https://www.mobygames.com/game/19210/nhl-breakaway-98/,NHL Breakaway 98
243,19817,https://www.mobygames.com/game/19817/sesame-street-elmos-letter-adventure/,Sesame Street: Elmo's Letter Adventure
244,20363,https://www.mobygames.com/game/20363/premier-manager-ninety-nine/,Premier Manager Ninety Nine
245,20578,https://www.mobygames.com/game/20578/kirby-64-the-crystal-shards/,Kirby 64: The Crystal Shards
246,20938,https://www.mobygames.com/game/20938/goemons-great-adventure/,Goemon's Great Adventure
247,21284,https://www.mobygames.com/game/21284/mystical-ninja-starring-goemon/,Mystical Ninja Starring Goemon
248,21430,https://www.mobygames.com/game/21430/nagano-winter-olympics-98/,Nagano Winter Olympics '98
249,21495,https://www.mobygames.com/game/21495/f-1-world-grand-prix-ii/,F-1 World Grand Prix II
250,21497,https://www.mobygames.com/game/21497/fifa-soccer-64/,FIFA Soccer 64
251,21498,https://www.mobygames.com/game/21498/fighter-destiny-2/,Fighter Destiny 2
252,21570,https://www.mobygames.com/game/21570/starcraft-64/,StarCraft 64
253,21598,https://www.mobygames.com/game/21598/golden-nugget-64/,Golden Nugget 64
254,21604,https://www.mobygames.com/game/21604/f-1-world-grand-prix/,F-1 World Grand Prix
255,21657,https://www.mobygames.com/game/21657/xena-warrior-princess-the-talisman-of-fate/,Xena: Warrior Princess - The Talisman of Fate
256,22905,https://www.mobygames.com/game/22905/hot-wheels-turbo-racing/,Hot Wheels: Turbo Racing
257,22911,https://www.mobygames.com/game/22911/rakugakids/,Rakugakids
258,23113,https://www.mobygames.com/game/23113/mickeys-speedway-usa/,Mickey's Speedway USA
259,24146,https://www.mobygames.com/game/24146/f1-racing-championship/,F1 Racing Championship
260,24587,https://www.mobygames.com/game/24587/snowboard-kids-2/,Snowboard Kids 2
261,24638,https://www.mobygames.com/game/24638/hey-you-pikachu/,"Hey You, Pikachu!"
262,26228,https://www.mobygames.com/game/26228/mrc-multi-racing-championship/,MRC: Multi-Racing Championship
263,27601,https://www.mobygames.com/game/27601/goemon-mononoke-sugoroku/,Goemon: Mononoke Sugoroku
264,27994,https://www.mobygames.com/game/27994/puyo-puyo-sun/,Puyo Puyo Sun
265,28890,https://www.mobygames.com/game/28890/off-road-challenge/,Off Road Challenge
266,28978,https://www.mobygames.com/game/28978/mace-the-dark-age/,Mace: The Dark Age
267,29540,https://www.mobygames.com/game/29540/virtual-chess-64/,Virtual Chess 64
268,30372,https://www.mobygames.com/game/30372/snowboard-kids/,Snowboard Kids
269,30996,https://www.mobygames.com/game/30996/quake-ii/,Quake II
270,31053,https://www.mobygames.com/game/31053/kyojin-no-doshin-1/,Kyojin no Doshin 1
271,31057,https://www.mobygames.com/game/31057/kyojin-no-doshin-kaiho-sensen-chibikko-chikko-daishugou/,Kyojin no Doshin Kaihō Sensen Chibikko Chikko Daishūgou
272,31867,https://www.mobygames.com/game/31867/wayne-gretzkys-3d-hockey/,Wayne Gretzky's 3D Hockey
273,32170,https://www.mobygames.com/game/32170/blues-brothers-2000/,Blues Brothers 2000
274,32203,https://www.mobygames.com/game/32203/centre-court-tennis/,Centre Court Tennis
275,32229,https://www.mobygames.com/game/32229/charlie-blasts-territory/,Charlie Blast's Territory
276,32231,https://www.mobygames.com/game/32231/chopper-attack/,Chopper Attack
277,32242,https://www.mobygames.com/game/32242/dance-dance-revolution-disney-dancing-museum/,Dance Dance Revolution: Disney Dancing Museum
278,32250,https://www.mobygames.com/game/32250/dezaemon-3d/,Dezaemon 3D
279,32308,https://www.mobygames.com/game/32308/clay-fighter-sculptors-cut/,Clay Fighter: Sculptor's Cut
280,33522,https://www.mobygames.com/game/33522/wheel-of-fortune/,Wheel of Fortune
281,34281,https://www.mobygames.com/game/34281/getter-love-panda-love-unit/,Getter Love!! Panda Love Unit
282,35832,https://www.mobygames.com/game/35832/gt-64-championship-edition/,GT 64: Championship Edition
283,35906,https://www.mobygames.com/game/35906/true-golf-classics-waialae-country-club/,True Golf Classics: Waialae Country Club
284,36048,https://www.mobygames.com/game/36048/nhl-breakaway-99/,NHL Breakaway 99
285,36133,https://www.mobygames.com/game/36133/rugrats-scavenger-hunt/,Rugrats: Scavenger Hunt
286,36137,https://www.mobygames.com/game/36137/rugrats-in-paris-the-movie/,Rugrats in Paris: The Movie
287,36170,https://www.mobygames.com/game/36170/neon-genesis-evangelion/,Neon Genesis Evangelion
288,36275,https://www.mobygames.com/game/36275/air-boarder-64/,Air Boarder 64
289,36402,https://www.mobygames.com/game/36402/monster-truck-madness-64/,Monster Truck Madness 64
290,36467,https://www.mobygames.com/game/36467/mia-hamm-soccer-64/,Mia Hamm Soccer 64
291,36512,https://www.mobygames.com/game/36512/bassmasters-2000/,BassMasters 2000
292,36671,https://www.mobygames.com/game/36671/in-fisherman-bass-hunter-64/,In-Fisherman Bass Hunter 64
293,36823,https://www.mobygames.com/game/36823/rally-challenge-2000/,Rally Challenge 2000
294,38182,https://www.mobygames.com/game/38182/big-mountain-2000/,Big Mountain 2000
295,38433,https://www.mobygames.com/game/38433/penny-racers/,Penny Racers
296,38484,https://www.mobygames.com/game/38484/roadsters/,Roadsters
297,38536,https://www.mobygames.com/game/38536/polaris-snocross/,Polaris SnoCross
298,38682,https://www.mobygames.com/game/38682/fox-sports-college-hoops-99/,Fox Sports College Hoops '99
299,38772,https://www.mobygames.com/game/38772/nushi-tsuri-64/,Nushi Tsuri 64
300,38794,https://www.mobygames.com/game/38794/jeopardy/,Jeopardy!
301,41018,https://www.mobygames.com/game/41018/mike-piazzas-strike-zone/,Mike Piazza's Strike Zone
302,49902,https://www.mobygames.com/game/49902/scooby-doo-classic-creep-capers/,Scooby-Doo!: Classic Creep Capers
303,52835,https://www.mobygames.com/game/52835/super-robot-taisen-64/,Super Robot Taisen 64
304,55754,https://www.mobygames.com/game/55754/pocket-monsters-stadium/,Pocket Monsters Stadium
305,55764,https://www.mobygames.com/game/55764/olympic-hockey-98/,Olympic Hockey 98
306,55776,https://www.mobygames.com/game/55776/super-robot-spirits/,Super Robot Spirits
307,55960,https://www.mobygames.com/game/55960/chokukan-night-pro-yakyu-king/,Chōkūkan Night: Pro Yakyū King
308,55985,https://www.mobygames.com/game/55985/wayne-gretzkys-3d-hockey-98/,Wayne Gretzky's 3D Hockey '98
309,55995,https://www.mobygames.com/game/55995/super-b-daman-battle-phoenix-64/,Super B-Daman: Battle Phoenix 64
310,55997,https://www.mobygames.com/game/55997/ucchan-nanchan-no-hono-no-challenger-denryu-iraira-bo/,Ucchan Nanchan no Honō no Challenger: Denryū IraIra Bō
311,55998,https://www.mobygames.com/game/55998/64-ozumo/,64 Ōzumō
312,56012,https://www.mobygames.com/game/56012/susume-taisen-puzzle-dama-tokon-marutama-cho/,Susume! Taisen Puzzle Dama: Tōkon! Marutama Chō
313,56013,https://www.mobygames.com/game/56013/tetris-64/,Tetris 64
314,56016,https://www.mobygames.com/game/56016/bakusho-jinsei-64-mezase-resort-o/,Bakushō Jinsei 64: Mezase! Resort Ō
315,56026,https://www.mobygames.com/game/56026/nba-jam-2000/,NBA Jam 2000
316,61712,https://www.mobygames.com/game/61712/virtual-pool-64/,Virtual Pool 64
317,62465,https://www.mobygames.com/game/62465/simcity-64/,SimCity 64
318,65928,https://www.mobygames.com/game/65928/pga-european-tour-golf/,PGA European Tour Golf
319,67476,https://www.mobygames.com/game/67476/custom-robo-v2/,Custom Robo V2
320,67972,https://www.mobygames.com/game/67972/monopoly/,Monopoly
321,68953,https://www.mobygames.com/game/68953/mario-no-photopi/,Mario no Photopi
322,69484,https://www.mobygames.com/game/69484/mario-artist-paint-studio/,Mario Artist: Paint Studio
323,69485,https://www.mobygames.com/game/69485/mario-artist-talent-studio/,Mario Artist: Talent Studio
324,69486,https://www.mobygames.com/game/69486/mario-artist-polygon-studio/,Mario Artist: Polygon Studio
325,69487,https://www.mobygames.com/game/69487/mario-artist-communication-kit/,Mario Artist: Communication Kit
326,73065,https://www.mobygames.com/game/73065/madden-nfl-2001/,Madden NFL 2001
327,73115,https://www.mobygames.com/game/73115/madden-nfl-2002/,Madden NFL 2002
328,73768,https://www.mobygames.com/game/73768/dobutsu-no-mori/,Dōbutsu no Mori
329,75531,https://www.mobygames.com/game/75531/magical-tetris-challenge/,Magical Tetris Challenge
330,76398,https://www.mobygames.com/game/76398/sabans-power-rangers-lightspeed-rescue/,Saban's Power Rangers: Lightspeed Rescue
331,79236,https://www.mobygames.com/game/79236/pokemon-stadium-battle-set/,Pokémon Stadium Battle Set
332,79263,https://www.mobygames.com/game/79263/donkey-kong-64-set/,Donkey Kong 64 Set
333,88090,https://www.mobygames.com/game/88090/the-legend-of-zelda-majoras-mask-limited-edition-adventure-set/,The Legend of Zelda: Majora's Mask (Limited Edition Adventure Set)
334,89865,https://www.mobygames.com/game/89865/command-conquer/,Command & Conquer
335,96909,https://www.mobygames.com/game/96909/f-zero-x-expansion-kit/,F-Zero X: Expansion Kit
336,97845,https://www.mobygames.com/game/97845/wonder-project-j2/,Wonder Project J2
337,105142,https://www.mobygames.com/game/105142/last-legion-ux/,Last Legion UX
338,108588,https://www.mobygames.com/game/108588/pachinko-365-nichi/,Pachinko 365 Nichi
339,108817,https://www.mobygames.com/game/108817/harukanaru-augusta-masters-98/,Harukanaru Augusta Masters '98
340,110237,https://www.mobygames.com/game/110237/zool-maju-tsukai-densetsu/,Zool: Majū Tsukai Densetsu
341,110896,https://www.mobygames.com/game/110896/nba-live-99/,NBA Live 99
342,123177,https://www.mobygames.com/game/123177/sesame-street-elmos-number-journey/,Sesame Street: Elmo's Number Journey
343,136679,https://www.mobygames.com/game/136679/famista-64/,Famista 64
344,136810,https://www.mobygames.com/game/136810/flappy-bird/,Flappy Bird
345,141377,https://www.mobygames.com/game/141377/forsaken-64/,Forsaken 64
346,144560,https://www.mobygames.com/game/144560/fushigi-no-dungeon-furai-no-shiren-2-oni-shurai-shiren-jo/,Fushigi no Dungeon: Fūrai no Shiren 2: Oni Shūrai! Shiren-jō!
347,146416,https://www.mobygames.com/game/146416/japan-pro-golf-tour-64/,Japan Pro Golf Tour 64
348,150957,https://www.mobygames.com/game/150957/sudoq/,SudoQ
349,160562,https://www.mobygames.com/game/160562/john-romeros-daikatana/,John Romero's Daikatana
350,185969,https://www.mobygames.com/game/185969/derby-stallion-64/,Derby Stallion 64
351,193595,https://www.mobygames.com/game/193595/saikyo-habu-shogi/,Saikyō Habu Shōgi
352,200987,https://www.mobygames.com/game/200987/eiko-no-st-andrews/,Eikō no St. Andrews
353,200988,https://www.mobygames.com/game/200988/mahjong-master/,Mahjong Master
354,201201,https://www.mobygames.com/game/201201/64-hanafuda-tenshi-no-yakusoku/,64 Hanafuda: Tenshi no Yakusoku
355,201202,https://www.mobygames.com/game/201202/64-trump-collection-alice-no-waku-waku-trump-world/,64 Trump Collection: Alice no Waku Waku Trump World
356,201230,https://www.mobygames.com/game/201230/64-ozumo-2/,64 Ōzumō 2
357,201231,https://www.mobygames.com/game/201231/ai-shogi-3/,AI Shōgi 3
358,201274,https://www.mobygames.com/game/201274/bass-rush-ecogear-powerworm-championship/,Bass Rush: ECOGEAR Powerworm Championship
359,201275,https://www.mobygames.com/game/201275/choro-q-64-2-hacha-mecha-grand-prix-race/,Choro Q 64 2: Hacha-Mecha Grand Prix Race
360,201278,https://www.mobygames.com/game/201278/chokukan-night-pro-yakyu-king-2/,Chōkūkan Night: Pro Yakyū King 2
361,201314,https://www.mobygames.com/game/201314/custom-robo/,Custom Robo
362,201319,https://www.mobygames.com/game/201319/densha-de-go-64/,Densha de Go! 64
363,201477,https://www.mobygames.com/game/201477/doraemon-2-nobita-to-hikari-no-shinden/,Doraemon 2: Nobita To Hikari No Shinden
364,201479,https://www.mobygames.com/game/201479/doraemon-3-nobita-no-machi-sos/,Doraemon 3: Nobita no Machi SOS!
365,201486,https://www.mobygames.com/game/201486/hamster-monogatari-64/,Hamster Monogatari 64
366,201487,https://www.mobygames.com/game/201487/heiwa-pachinko-world-64/,Heiwa Pachinko World 64
367,201488,https://www.mobygames.com/game/201488/ide-yosuke-no-mahjong-juku/,Ide Yōsuke no Mahjong Juku
368,201495,https://www.mobygames.com/game/201495/itoi-shigesato-no-bass-tsuri-no-1-ketteihan/,Itoi Shigesato no Bass Tsuri No. 1 Ketteihan!
369,201856,https://www.mobygames.com/game/201856/j-league-dynamite-soccer-64/,J-League Dynamite Soccer 64
370,201893,https://www.mobygames.com/game/201893/j-league-eleven-beat-1997/,J-League Eleven Beat 1997
371,201894,https://www.mobygames.com/game/201894/j-league-tactics-soccer/,J-League Tactics Soccer
372,201900,https://www.mobygames.com/game/201900/jango-simulation-mahjong-do-64/,Jangō Simulation Mahjong-dō 64
373,201906,https://www.mobygames.com/game/201906/jikkyo-gi-stable/,Jikkyō GI Stable
374,201907,https://www.mobygames.com/game/201907/jikkyo-j-league-perfect-striker/,Jikkyō J. League: Perfect Striker
375,201910,https://www.mobygames.com/game/201910/jikkyo-j-league-1999-perfect-striker-2/,Jikkyō J-League 1999: Perfect Striker 2
376,201911,https://www.mobygames.com/game/201911/jikkyo-powerful-pro-yakyu-4/,Jikkyō Powerful Pro Yakyū 4
377,201912,https://www.mobygames.com/game/201912/jikkyo-powerful-pro-yakyu-5/,Jikkyō Powerful Pro Yakyū 5
