,game_id,filename
0,168483,16793065-the-ascent-xbox-series-fight-in-narrow-corridor.png
1,168483,16816678-the-ascent-xbox-series-bridge-in-one-of-the-lower-parts-of-arcol.png
2,168483,16815391-the-ascent-xbox-series-vista-over-populated-middle-level-area.png
3,168483,16732841-the-ascent-xbox-series-one-of-many-safe-areas-where-player-can-t.png
4,168483,16732658-the-ascent-xbox-series-lifts-take-you-to-other-arcology-levels.png
5,168483,16739411-the-ascent-xbox-series-spaceport-area-providing-services-for-all.png
6,168483,16739057-the-ascent-xbox-series-nightclubs-are-source-of-gossips-bounty-m.png
7,169275,12613937-naraka-bladepoint-xbox-series-combat-scene.png
8,169275,12616334-naraka-bladepoint-xbox-series-combat-scene.png
9,169275,12616337-naraka-bladepoint-xbox-series-combat-scene.png
10,169275,12616340-naraka-bladepoint-xbox-series-combat-scene.png
11,169275,12614562-naraka-bladepoint-xbox-series-environment-view.png
12,169609,16884371-quake-xbox-series-dimension-of-the-machine-hub-enables-player-to.png
13,169609,16884494-quake-xbox-series-dimension-of-the-machine-hub-without-additiona.png
14,169609,16884500-quake-xbox-series-new-maps-make-great-use-of-coloured-lighting-a.png
15,169609,16884368-quake-xbox-series-one-of-original-maps-from-first-episode.png
16,169609,16884497-quake-xbox-series-this-port-supports-quake-64-add-on-which-can-b.png
17,174400,17499127-grand-theft-auto-the-trilogy-the-definitive-edition-xbox-series-.png
18,174400,17499131-grand-theft-auto-the-trilogy-the-definitive-edition-xbox-series-.png
19,174400,17499135-grand-theft-auto-the-trilogy-the-definitive-edition-xbox-series-.png
20,174400,17499139-grand-theft-auto-the-trilogy-the-definitive-edition-xbox-series-.png
21,174400,17499143-grand-theft-auto-the-trilogy-the-definitive-edition-xbox-series-.png
22,174400,17499147-grand-theft-auto-the-trilogy-the-definitive-edition-xbox-series-.png
23,174400,17499151-grand-theft-auto-the-trilogy-the-definitive-edition-xbox-series-.png
24,174400,17499155-grand-theft-auto-the-trilogy-the-definitive-edition-xbox-series-.png
25,174400,17499159-grand-theft-auto-the-trilogy-the-definitive-edition-xbox-series-.png
26,174400,17499163-grand-theft-auto-the-trilogy-the-definitive-edition-xbox-series-.png
27,174400,17499167-grand-theft-auto-the-trilogy-the-definitive-edition-xbox-series-.png
28,174400,17499171-grand-theft-auto-the-trilogy-the-definitive-edition-xbox-series-.png
29,174400,17499175-grand-theft-auto-the-trilogy-the-definitive-edition-xbox-series-.png
30,174400,17499179-grand-theft-auto-the-trilogy-the-definitive-edition-xbox-series-.png
31,174940,12628402-forza-horizon-5-xbox-series-jeep-wrangler-rubicon-2012-interior.png
32,174940,12628405-forza-horizon-5-xbox-series-jeep-wrangler-rubicon-2012-with-orig.png
33,174940,12625884-forza-horizon-5-xbox-series-jeep-trailcat-16-in-its-element-surf.png
34,174940,12625890-forza-horizon-5-xbox-series-trying-to-catch-the-last-rays-of-sun.png
35,174940,12627996-forza-horizon-5-xbox-series-getting-ready-for-trip-around-the-ea.png
36,174940,12628002-forza-horizon-5-xbox-series-exploring-east-coast-in-custom-paint.png
37,180398,16932911-grid-legends-xbox-series-time-of-day-and-track-conditions-can-be.png
38,180398,16932914-grid-legends-xbox-series-touring-cars-race-on-one-of-the-city-tr.png
39,180398,16932917-grid-legends-xbox-series-theres-plenty-of-single-seat-open-cockp.png
40,180398,16932920-grid-legends-xbox-series-you-can-review-replay-of-every-race-usi.png
41,191506,16929011-beacon-pines-xbox-series-trio-of-our-main-characters-are-onto-so.png
42,204167,17166762-warframe-tennocon-2023-digital-pack-xbox-series-the-tennocon-202.png
43,204167,17166766-warframe-tennocon-2023-digital-pack-xbox-series-in-game-info-on-.png
